obs	patients	hospitals	time
13768	2756	5	1.41142
79504	12545	10	15.0847
106116	17876	20	8.82437
195956	37916	50	36.5518
435302	74428	75	53.1399
502566	86651	100	111.415
682402	116283	150	125.363
850048	145425	175	293.584
976104	166564	205	444.847

